name,time
ins-01,0.04044
ins-02,0.03172
ins-03,0.02469
ins-04,0.02857
ins-05,0.04937
ins-06,0.04265
ins-07,0.04336
ins-08,0.08093
ins-09,0.08151
ins-10,0.21245
ins-11,2.34194
ins-12,0.30904
ins-13,0.27433
ins-14,0.25254
ins-15,0.35119
ins-16,38.83063
ins-17,3.97438
ins-18,9.12111
ins-19,70.81154
ins-20,6.42173
ins-21,24.04670
ins-22,191.40456
ins-23,2.87804
ins-24,7.86118
ins-25,300.19006
ins-26,50.29097
ins-27,10.87619
ins-28,4.56113
ins-29,0.52573
