name,time,h,max_h,status
ins-01,0.00611,8.0,16,1
ins-02,0.00830,9.0,23,1
ins-03,0.00716,10.0,25,1
ins-04,0.01268,11.0,26,1
ins-05,0.02123,12.0,35,1
ins-06,0.01234,13.0,36,1
ins-07,0.07098,14.0,42,1
ins-08,0.05975,15.0,51,1
ins-09,0.10159,16.0,52,1
ins-10,0.10310,17.0,55,1
ins-11,5.91626,18.0,63,1
ins-12,2.24511,19.0,76,1
ins-13,1.63370,20.0,80,1
ins-14,3.10947,21.0,84,1
ins-15,3.23299,22.0,97,1
ins-16,300.10755,None,102,0
ins-17,3.72319,24.0,108,1
