name,time
ins-01,0.01367
ins-02,0.05045
ins-03,0.10142
ins-04,0.23025
ins-05,21.12349
ins-06,2.70249
ins-07,3.06950
ins-08,53.79814
ins-09,22.23479
ins-10,262.56951
ins-11,300.03390
ins-12,300.07051
ins-13,300.07651
ins-14,300.02858
ins-15,300.03111
ins-16,300.04720
